<?xml version="1.0" encoding="UTF-8" ?>
<!-- Generated by the Qcodo Build Maker and Qcodo Updater Utility -->
<!-- Do NOT delete or modify ANYTHING in this file.  Doing so will break the Qcodo Updater service. -->
<manifest>
<version>0.3.43</version>
<major>0</major>
<minor>3</minor>
<build>43</build>
<type>Development</type>
<files>
<file directoryToken="__DOCROOT__" path="sample.tpl.php" md5="9fa7c91042b8e8d9748e6d5723d3ddc0"/>
<file directoryToken="__DOCROOT__" path="sample.php" md5="144a9ed20ae9fd168284a75bb051b427"/>
<file directoryToken="__DOCROOT__" path="index.php" md5="d140cc3566095b79011e0c50ae3281db"/>
<file directoryToken="__EXAMPLES__" path="mysql_innodb.sql" md5="887d0715d18667c4e84371dee1826abf"/>
<file directoryToken="__EXAMPLES__" path="view_source.php" md5="db91986b61edb218105eadf52c35f9b8"/>
<file directoryToken="__EXAMPLES__" path="sql_server.sql" md5="a042aeb03d29e0b2558b45546beabf52"/>
<file directoryToken="__EXAMPLES__" path="index.php" md5="fe865e127f0f5f897eebaa0eb1df20c3"/>
<file directoryToken="__EXAMPLES__" path="multiple_qform/intro.php" md5="dbd7fe5992dcdb12753644e331c6cdf6"/>
<file directoryToken="__EXAMPLES__" path="multiple_qform/ProjectEditPanel.class.php" md5="bf9a1a044564d82f901196c10e850eb3"/>
<file directoryToken="__EXAMPLES__" path="multiple_qform/intro.tpl.php" md5="cb028aa1890daefb7ae432a4854ee45d"/>
<file directoryToken="__EXAMPLES__" path="multiple_qform/ProjectEditPanel.tpl.php" md5="64bb87dac1028b8d1fea3db66a5ed939"/>
<file directoryToken="__EXAMPLES__" path="multiple_qform/ProjectViewPanel.tpl.php" md5="33b665c64a06514ad822a87a7fb02c60"/>
<file directoryToken="__EXAMPLES__" path="multiple_qform/PersonEditPanel.class.php" md5="c9d462ecc342878e50e2a51a0bc376ca"/>
<file directoryToken="__EXAMPLES__" path="multiple_qform/ProjectViewPanel.class.php" md5="4c6ccbc075cacad69f85ea102938e892"/>
<file directoryToken="__EXAMPLES__" path="multiple_qform/PersonEditPanel.tpl.php" md5="08c860364bd0ff30e6a65932eeaa7584"/>
<file directoryToken="__EXAMPLES__" path="basic_ajax/wait_icon.php" md5="b4ed69e7f2171d5b5bd15f2ae9a0d2fd"/>
<file directoryToken="__EXAMPLES__" path="basic_ajax/intro.php" md5="eae5d3dd3c86f082c484eb435da0bac0"/>
<file directoryToken="__EXAMPLES__" path="basic_ajax/intro.tpl.php" md5="eceb167478a7d29362b5946a4d910080"/>
<file directoryToken="__EXAMPLES__" path="basic_ajax/calculator_2.tpl.php" md5="85f33fd1c84f82c937a0aef4b80d18a8"/>
<file directoryToken="__EXAMPLES__" path="basic_ajax/calculator_2.php" md5="8ab06a27efd4a4e84c8f23103acd523a"/>
<file directoryToken="__EXAMPLES__" path="basic_ajax/wait_icon.tpl.php" md5="0b8d48658a337141d0c4829ccb44bb7e"/>
<file directoryToken="__EXAMPLES__" path="images/data_model.png" md5="46b763f3539c8bfbb8d7547ee1e413ea"/>
<file directoryToken="__EXAMPLES__" path="images/data_model_thumbnail.png" md5="c09d9f6f196da63db59dfdd5b30d01a5"/>
<file directoryToken="__EXAMPLES__" path="images/xhtml.png" md5="fb5619e93fe1273284bffa0afdaf4d5a"/>
<file directoryToken="__EXAMPLES__" path="other_controls/file_asset.php" md5="a7187be2d1a227a5e05f2be3b4b1fcd3"/>
<file directoryToken="__EXAMPLES__" path="other_controls/sample.tpl.php" md5="bbc9348cdf30b7604408700f285631be"/>
<file directoryToken="__EXAMPLES__" path="other_controls/image.tpl.php" md5="a84cadeb4ede47d487d49970b7bd5f3e"/>
<file directoryToken="__EXAMPLES__" path="other_controls/earthlights.jpg" md5="80cde17d1b5447f706d89e8c8a5d8c62"/>
<file directoryToken="__EXAMPLES__" path="other_controls/file_asset.tpl.php" md5="3961b3d60ac57baf45178f63980371e7"/>
<file directoryToken="__EXAMPLES__" path="other_controls/image.php" md5="6865e773e6fec5e3fc5ae578cb59eba0"/>
<file directoryToken="__EXAMPLES__" path="other_controls/datetime.php" md5="158c7c99145d06fa0445177444e05e22"/>
<file directoryToken="__EXAMPLES__" path="other_controls/sample.php" md5="5d33b013c06183fad489cade213ab0b9"/>
<file directoryToken="__EXAMPLES__" path="other_controls/datetime.tpl.php" md5="64c08f00312b2583050507553d93be7e"/>
<file directoryToken="__EXAMPLES__" path="other_controls/temp_uploads/_README.txt" md5="f8a19a420e8cfa165eff9f3741d68ff1"/>
<file directoryToken="__EXAMPLES__" path="advanced_ajax/dialog_box.php" md5="4cc02d432ccd43c8b7c1c57e3079b606"/>
<file directoryToken="__EXAMPLES__" path="advanced_ajax/resize.php" md5="6b528ed691a7530dda40ce681ae8bd6a"/>
<file directoryToken="__EXAMPLES__" path="advanced_ajax/CalculatorWidget.class.php" md5="92b3a5d9de90285342b18ff1f1dd43ab"/>
<file directoryToken="__EXAMPLES__" path="advanced_ajax/renamer_2.tpl.php" md5="a7f491ecd40249c289ea01778b248972"/>
<file directoryToken="__EXAMPLES__" path="advanced_ajax/renamer.php" md5="9742cd47e923dfcee633d3f9153b74f4"/>
<file directoryToken="__EXAMPLES__" path="advanced_ajax/dialog_box.tpl.php" md5="d47486716f759030457cb7c1d20e55e2"/>
<file directoryToken="__EXAMPLES__" path="advanced_ajax/resize.tpl.php" md5="36e96c61c433bd2e79dcc8a10a35e2fa"/>
<file directoryToken="__EXAMPLES__" path="advanced_ajax/move.tpl.php" md5="e19bf642ba68cb19c244bbe58917b462"/>
<file directoryToken="__EXAMPLES__" path="advanced_ajax/move_target.php" md5="5be7c5eb32d4f6b0fe2f86d6c4eff5fa"/>
<file directoryToken="__EXAMPLES__" path="advanced_ajax/CalculatorWidget.tpl.php" md5="05c0b949207124fdf0ecc26a20214886"/>
<file directoryToken="__EXAMPLES__" path="advanced_ajax/drop_zone.php" md5="c109edf2614b04d1909ba1d7277595bd"/>
<file directoryToken="__EXAMPLES__" path="advanced_ajax/drop_zone.tpl.php" md5="29ac292a0aa2bc5fd0191c749e4bf93a"/>
<file directoryToken="__EXAMPLES__" path="advanced_ajax/move_target.tpl.php" md5="eda4ed7a6a867123490e1de80c4b6224"/>
<file directoryToken="__EXAMPLES__" path="advanced_ajax/move.php" md5="88e2b6acb9a0e76a8b0b9f4a5080d901"/>
<file directoryToken="__EXAMPLES__" path="advanced_ajax/renamer_2.php" md5="debabfe44262730b0f34cf692781e616"/>
<file directoryToken="__EXAMPLES__" path="advanced_ajax/scrolling.tpl.php" md5="15187f6683470ac824ebdbde16dff955"/>
<file directoryToken="__EXAMPLES__" path="advanced_ajax/renamer.tpl.php" md5="e6de26e4ba216eeb05bad11aa76732b3"/>
<file directoryToken="__EXAMPLES__" path="advanced_ajax/scrolling.php" md5="88e2b6acb9a0e76a8b0b9f4a5080d901"/>
<file directoryToken="__EXAMPLES__" path="includes/header_main.inc.php" md5="77f917e6a4f8435a01589f55f312588c"/>
<file directoryToken="__EXAMPLES__" path="includes/header.inc.php" md5="0672bb6219e29ff67c13667185007086"/>
<file directoryToken="__EXAMPLES__" path="includes/examples.inc.php" md5="9a1e90a5830a60ae5e6b67841c52a231"/>
<file directoryToken="__EXAMPLES__" path="includes/footer.inc.php" md5="5a2e3232f0a8c8d88b1d748c9f61f195"/>
<file directoryToken="__EXAMPLES__" path="includes/examples.css" md5="b6ffc504fed4d3a2b5c5ca8165b31dba"/>
<file directoryToken="__EXAMPLES__" path="events_actions/javascript_alerts.tpl.php" md5="317478d832c3252e205a95dbbe8ec8c2"/>
<file directoryToken="__EXAMPLES__" path="events_actions/javascript_alerts.php" md5="f2939d51b19edffe4064f36c37d31d6b"/>
<file directoryToken="__EXAMPLES__" path="events_actions/delayed.tpl.php" md5="ad7b77c4f98388ff03dcc1e095f11ac4"/>
<file directoryToken="__EXAMPLES__" path="events_actions/editable_listbox_2.php" md5="08eb61d706622d4065c87b6886eb31a3"/>
<file directoryToken="__EXAMPLES__" path="events_actions/other_actions.tpl.php" md5="7360764c0d554de56f964470abf603a5"/>
<file directoryToken="__EXAMPLES__" path="events_actions/editable_listbox.php" md5="cb5a1729f3933a91ed2649a3860c4ddc"/>
<file directoryToken="__EXAMPLES__" path="events_actions/editable_listbox.tpl.php" md5="f4ecdc0b1c89ea361b4dacc5fcfe24a4"/>
<file directoryToken="__EXAMPLES__" path="events_actions/delayed.php" md5="9ec220619a6e67f70c74c90494a74f54"/>
<file directoryToken="__EXAMPLES__" path="events_actions/editable_listbox_2.tpl.php" md5="a8d4abe3de659bb2ca2d83feec2c6597"/>
<file directoryToken="__EXAMPLES__" path="events_actions/other_actions.php" md5="383ac18424922abd2d4f12ce67cd765c"/>
<file directoryToken="__EXAMPLES__" path="other/attribute_overriding.tpl.php" md5="9b86b392c57a0fdd5b4feeffdcacff62"/>
<file directoryToken="__EXAMPLES__" path="other/formgen.php" md5="6c07b2946260c7b73cb7e9a7b1478463"/>
<file directoryToken="__EXAMPLES__" path="other/print.php" md5="08884ba3d3d3bb382914aedd0832b634"/>
<file directoryToken="__EXAMPLES__" path="other/metacontrols.tpl.php" md5="55bb4db87488ab78b31e5a7b5757c710"/>
<file directoryToken="__EXAMPLES__" path="other/attribute_overriding.php" md5="9dbd4b6598a235fa4e9fe8503902fc47"/>
<file directoryToken="__EXAMPLES__" path="other/optimistic_locking.php" md5="e6ce851b53477e9423d6c1b98f588419"/>
<file directoryToken="__EXAMPLES__" path="other/meta_datagrids.php" md5="ff9c6c0ba1de30e8a92bfd6572d1f584"/>
<file directoryToken="__EXAMPLES__" path="other/meta_datagrids.tpl.php" md5="1d42cde688d1f67a883d84431425070b"/>
<file directoryToken="__EXAMPLES__" path="other/some_template_file.tpl.php" md5="a74f3edf7ccba4bc32b7548ce4039ab8"/>
<file directoryToken="__EXAMPLES__" path="other/form_state.php" md5="717924b2d504984a7bc42debe8d6136f"/>
<file directoryToken="__EXAMPLES__" path="other/single.php" md5="ca10b8d40ebda88901107c41fe993201"/>
<file directoryToken="__EXAMPLES__" path="other/alternate_template.php" md5="2cba87f5bdae313184d71e9c92d77337"/>
<file directoryToken="__EXAMPLES__" path="other/metacontrols.php" md5="161ae145b91ff1a42b4e3a86b2e5eede"/>
<file directoryToken="__EXAMPLES__" path="other/form_state.tpl.php" md5="8a822df48134b10bab85d8ef1c1bd496"/>
<file directoryToken="__EXAMPLES__" path="other/single.tpl.php" md5="e43371be54c0c81afe762ccfa96527c9"/>
<file directoryToken="__EXAMPLES__" path="other/form_drafts.php" md5="e4fd9760871a0571874a2b91bb6dbb15"/>
<file directoryToken="__EXAMPLES__" path="other/optimistic_locking.tpl.php" md5="ef8c8d55293c07e4333f5b00112e56c4"/>
<file directoryToken="__EXAMPLES__" path="other/alternate_template.tpl.php" md5="e43371be54c0c81afe762ccfa96527c9"/>
<file directoryToken="__EXAMPLES__" path="dynamic/pnl_panel.tpl.php" md5="64e945f793fea9728d19684cc9f4d66f"/>
<file directoryToken="__EXAMPLES__" path="dynamic/qpanel_2.tpl.php" md5="3876aebd1339447440cb25446fc922a9"/>
<file directoryToken="__EXAMPLES__" path="dynamic/select.php" md5="259d1f0bb018f7d086fe6619eb032fab"/>
<file directoryToken="__EXAMPLES__" path="dynamic/inline_editing.php" md5="a553e9c4798a9515a0915500b0a6509e"/>
<file directoryToken="__EXAMPLES__" path="dynamic/qpanel.tpl.php" md5="f18be5218058cdd4e67f2044595341e9"/>
<file directoryToken="__EXAMPLES__" path="dynamic/control_proxy.php" md5="0513b8ed70baca4d551281d7cb7f9e42"/>
<file directoryToken="__EXAMPLES__" path="dynamic/select.tpl.php" md5="9d8ac380a6c721c3cedf15c7c576126c"/>
<file directoryToken="__EXAMPLES__" path="dynamic/qpanel_2.php" md5="6f55a809ceac49e6af2abf4f8a11869c"/>
<file directoryToken="__EXAMPLES__" path="dynamic/inline_editing.tpl.php" md5="ed97ed28c9e6dc40be344dbdf78ed3dc"/>
<file directoryToken="__EXAMPLES__" path="dynamic/control_proxy.tpl.php" md5="39c4b64b57e1081de55dbf123ad9a856"/>
<file directoryToken="__EXAMPLES__" path="dynamic/qpanel.php" md5="df2364f4c534e37b04fed834007a152e"/>
<file directoryToken="__EXAMPLES__" path="image_label/intro.php" md5="27b625f14484ce5591e2b366010535b7"/>
<file directoryToken="__EXAMPLES__" path="image_label/intro.tpl.php" md5="86d292796417807c66caef8af99311e4"/>
<file directoryToken="__EXAMPLES__" path="image_label/cache/_README.txt" md5="341dc627b7e3f57dad8710fbd678f6bf"/>
<file directoryToken="__EXAMPLES__" path="more_codegen/sort_limit.php" md5="17ffe5d8fd7f14915cc818d93797cda3"/>
<file directoryToken="__EXAMPLES__" path="more_codegen/type_tables.php" md5="f8df2128b3e229247cbddadbb87aa7f3"/>
<file directoryToken="__EXAMPLES__" path="more_codegen/virtual_attributes.php" md5="052523e25fc5de2fcdca36414242c358"/>
<file directoryToken="__EXAMPLES__" path="more_codegen/optimistic_locking.php" md5="36baee933b2a5130e85745642ea89852"/>
<file directoryToken="__EXAMPLES__" path="more_codegen/custom_load.php" md5="89cdb4e0374e8298502986fb1e394951"/>
<file directoryToken="__EXAMPLES__" path="more_codegen/custom.php" md5="779f04a24aa870d99fc4d9bd6b9d802b"/>
<file directoryToken="__EXAMPLES__" path="more_codegen/early_bind.php" md5="db6aec80173ae8667042b33a4692e26d"/>
<file directoryToken="__EXAMPLES__" path="more_codegen/late_bind.php" md5="09eb3ae94881aea5facdbb5eecf6eae6"/>
<file directoryToken="__EXAMPLES__" path="code_generator/relationships.txt" md5="11d142356ab682959012bd6647ff63e0"/>
<file directoryToken="__EXAMPLES__" path="code_generator/intro.php" md5="ebc99e6395f32b0a88d28213a92be9b6"/>
<file directoryToken="__EXAMPLES__" path="code_generator/indexes.php" md5="30d639907e389a907cd584ab3c92854a"/>
<file directoryToken="__EXAMPLES__" path="code_generator/about.php" md5="33b5428b2a2498b675ecb43221bea39c"/>
<file directoryToken="__EXAMPLES__" path="code_generator/script_path.php" md5="e85bb4779297575eda03fb6bb4ec7cc3"/>
<file directoryToken="__EXAMPLES__" path="code_generator/reverse_relationships.php" md5="d61d5300c78e33a493c33937ab3849c4"/>
<file directoryToken="__EXAMPLES__" path="code_generator/primary_keys.php" md5="ecde6530920645a193f7604d2976832b"/>
<file directoryToken="__EXAMPLES__" path="code_generator/objects.php" md5="9d20fad9ca4cf55c6313fe2cb992ab6a"/>
<file directoryToken="__EXAMPLES__" path="code_generator/relationships_many.php" md5="ae60b674023b3e06a163314b5701b195"/>
<file directoryToken="__EXAMPLES__" path="code_generator/relationships.php" md5="25309c652d5201899c77a09a9429df3e"/>
<file directoryToken="__EXAMPLES__" path="code_generator/save_delete.php" md5="a47c451a083872e8e0cc7482a2668d60"/>
<file directoryToken="__EXAMPLES__" path="code_generator/mysql_myisam.sql" md5="c77d922e48d8f259b89ff48a34f8ffa5"/>
<file directoryToken="__EXAMPLES__" path="treenav/treenav.tpl.php" md5="adb69055b7e4b77c178d1064263997ee"/>
<file directoryToken="__EXAMPLES__" path="treenav/treenav.php" md5="004a82c5093f37af267eb5ea336c0fef"/>
<file directoryToken="__EXAMPLES__" path="datarepeater/ajax.php" md5="7eab8777e7d0aecaefba8965448062dd"/>
<file directoryToken="__EXAMPLES__" path="datarepeater/dtr_persons.tpl.php" md5="03701eaffd3325a56da2da7e6b6e8935"/>
<file directoryToken="__EXAMPLES__" path="datarepeater/ajax.tpl.php" md5="eb363614c8fedd39c017d4d5f49303dd"/>
<file directoryToken="__EXAMPLES__" path="communication/i18n.tpl.php" md5="939b0a884a740163b78833c692905d21"/>
<file directoryToken="__EXAMPLES__" path="communication/email.php" md5="fb4305b5d7008085ccd3586815b67f50"/>
<file directoryToken="__EXAMPLES__" path="communication/en.po" md5="5c22eacda18f8211d9aa4cf7385b84e0"/>
<file directoryToken="__EXAMPLES__" path="communication/soap.php" md5="6673d32082ff78a045722e533d780289"/>
<file directoryToken="__EXAMPLES__" path="communication/rss_feed.php" md5="b791a43998450cbe200e461fdf9967f5"/>
<file directoryToken="__EXAMPLES__" path="communication/crypto.php" md5="6e0b43a21055cb81b6ac7757cca2f329"/>
<file directoryToken="__EXAMPLES__" path="communication/rss.php" md5="62c5b60785d57767baa0701bcc6f92c0"/>
<file directoryToken="__EXAMPLES__" path="communication/example_service.php" md5="3e8ce29b682e3cf9c8c9b8a83bac21de"/>
<file directoryToken="__EXAMPLES__" path="communication/i18n.php" md5="a241130f88fea661b7cc7276f5787f78"/>
<file directoryToken="__EXAMPLES__" path="communication/es.po" md5="ed6bd5ffb476c5e672f6cc8b888362bf"/>
<file directoryToken="__EXAMPLES__" path="qcodo_query/intro.php" md5="719719d394f8428c7528f18cd6765c86"/>
<file directoryToken="__EXAMPLES__" path="qcodo_query/qqclause.php" md5="5ac54e835cf882f9a62a662c70974121"/>
<file directoryToken="__EXAMPLES__" path="qcodo_query/migrating.php" md5="dce33237c3ddc5e927f47973d22d569a"/>
<file directoryToken="__EXAMPLES__" path="qcodo_query/qqnode.php" md5="710288e197ba78d273f3e77db7b16877"/>
<file directoryToken="__EXAMPLES__" path="qcodo_query/qqcondition.php" md5="73d73254bc4730db1ca81128674f3b55"/>
<file directoryToken="__EXAMPLES__" path="qcodo_query/qq.php" md5="13d83af747c44eb561b2afdaca9eea1b"/>
<file directoryToken="__EXAMPLES__" path="qcodo_query/migrating.tpl.php" md5="2073f67582f8fa3b59192bc48b870de2"/>
<file directoryToken="__EXAMPLES__" path="qcodo_query/reverse.php" md5="827f673e58807741184c2ffaefe1b303"/>
<file directoryToken="__EXAMPLES__" path="qcodo_query/association.php" md5="746d3cde6880bd0f19d4e41f10e3b746"/>
<file directoryToken="__EXAMPLES__" path="composite/SampleComposite.class.php" md5="5d3ff7e88e0001c8ddf37a41e9d1629b"/>
<file directoryToken="__EXAMPLES__" path="composite/intro.php" md5="3d9d032cdceb740357110e9ebf0e289b"/>
<file directoryToken="__EXAMPLES__" path="composite/intro.tpl.php" md5="e1ea462a6f85cb514527acc8437e124c"/>
<file directoryToken="__EXAMPLES__" path="datagrid/QDataGrid.class.php" md5="25a788dfbc3d2ca9479eedb3d7a4bbc9"/>
<file directoryToken="__EXAMPLES__" path="datagrid/intro.php" md5="619e685f1a4fae46f8cf44b5e8f63743"/>
<file directoryToken="__EXAMPLES__" path="datagrid/ajax.php" md5="b5fc378a0d844f5ac7f7db91b18fcc4c"/>
<file directoryToken="__EXAMPLES__" path="datagrid/variables.php" md5="809083d84a52e3874520fdef63e9934a"/>
<file directoryToken="__EXAMPLES__" path="datagrid/intro.tpl.php" md5="e3285984e14f32d340054f041edb8509"/>
<file directoryToken="__EXAMPLES__" path="datagrid/sorting.tpl.php" md5="c88008a7cf7f16a44a0e7bc7b0cc7c3c"/>
<file directoryToken="__EXAMPLES__" path="datagrid/sorting.php" md5="189bdddad5497185bc975012a9e25581"/>
<file directoryToken="__EXAMPLES__" path="datagrid/variables.tpl.php" md5="2db3a53d2be957b1120d0b89b91d2b95"/>
<file directoryToken="__EXAMPLES__" path="datagrid/pagination.php" md5="bdc9d62b479d36cb2bb7d11d0a97f9b5"/>
<file directoryToken="__EXAMPLES__" path="datagrid/extend.tpl.php" md5="cca68a43a08d669bb34f63eb025eec52"/>
<file directoryToken="__EXAMPLES__" path="datagrid/ajax.tpl.php" md5="ba01a5510b4815d55b403ef5491734af"/>
<file directoryToken="__EXAMPLES__" path="datagrid/extend.php" md5="12e6b75a1c02a1d988a066a469c9a6b5"/>
<file directoryToken="__EXAMPLES__" path="datagrid/pagination.tpl.php" md5="dbae4f4c901f28f7d90d0fd6f72a1491"/>
<file directoryToken="__EXAMPLES__" path="basic_qform/intro.php" md5="ec75b1561472d10b0aca93392fd325a1"/>
<file directoryToken="__EXAMPLES__" path="basic_qform/calculator.php" md5="2f649c28178258c9e0ccb0cf9e8a0a01"/>
<file directoryToken="__EXAMPLES__" path="basic_qform/intro.tpl.php" md5="d875d2820cbf9f426405803ca361d17c"/>
<file directoryToken="__EXAMPLES__" path="basic_qform/calculator_2.tpl.php" md5="a0b40257514dfa410b75e5d8dd086589"/>
<file directoryToken="__EXAMPLES__" path="basic_qform/state.tpl.php" md5="9fd40125ae66ec2ecd693abd576d93fd"/>
<file directoryToken="__EXAMPLES__" path="basic_qform/calculator_2.php" md5="72891fb30a4c52eab6beb42b8283c365"/>
<file directoryToken="__EXAMPLES__" path="basic_qform/calculator.tpl.php" md5="4d603e675b08eb8d43c1ace0994e0a22"/>
<file directoryToken="__EXAMPLES__" path="basic_qform/process_flow.tpl.php" md5="6e1645b53434121cda78401835f1d52e"/>
<file directoryToken="__EXAMPLES__" path="basic_qform/about.php" md5="08ef9f45c0cf5619433e6155e47e761c"/>
<file directoryToken="__EXAMPLES__" path="basic_qform/calculator_3.php" md5="6ecf7afd34c38acf497e12884f8cdc6e"/>
<file directoryToken="__EXAMPLES__" path="basic_qform/listbox.tpl.php" md5="d9e4dfec6595dc7cb26189b4a2a36712"/>
<file directoryToken="__EXAMPLES__" path="basic_qform/process_flow.php" md5="b13c7c00b549128273f0db3f15a8d0cf"/>
<file directoryToken="__EXAMPLES__" path="basic_qform/calculator_3.tpl.php" md5="7ac6d20c4bf6125b1b2a92015ef5a0fa"/>
<file directoryToken="__EXAMPLES__" path="basic_qform/state.php" md5="71930461de2161f2399791ea15b01ac8"/>
<file directoryToken="__EXAMPLES__" path="basic_qform/listbox.php" md5="96164f955c2834c0de995e4ff708b532"/>
<file directoryToken="__INCLUDES__" path="_LICENSE.txt" md5="5ca8d7624dfe0c8129a140fcb43d684d"/>
<file directoryToken="__INCLUDES__" path="header.inc.php" md5="8c9e08cd6f6b1afb60e17843ba71aa71"/>
<file directoryToken="__INCLUDES__" path="footer.inc.php" md5="e9698fc3328f57881d60eb616eb3b15d"/>
<file directoryToken="__INCLUDES__" path="prepend.inc.php" md5="34678ae51792328cfadfe5f4bb7c401f"/>
<file directoryToken="__INCLUDES__" path="configuration_pro.inc.php" md5="ac7de31f2370d050aabcba4508bde636"/>
<file directoryToken="__INCLUDES__" path="_README.txt" md5="fa65dc09f288302c952cfb29494ba933"/>
<file directoryToken="__INCLUDES__" path="configuration.inc.php" md5="97725b2b52c7feac84a4e1f3f3776067"/>
<file directoryToken="__QCODO__" path="_LICENSE.txt" md5="5ca8d7624dfe0c8129a140fcb43d684d"/>
<file directoryToken="__QCODO__" path="qform/QDataGrid.class.php" md5="f6550877c8e095c2ffe9633efe151efc"/>
<file directoryToken="__QCODO__" path="qform/QSampleControl.class.php" md5="d550271cba8dc51257893791169e64d6"/>
<file directoryToken="__QCODO__" path="qform/QPaginator.class.php" md5="e76011cf3703f2e4ec414d71db86392a"/>
<file directoryToken="__QCODO__" path="qform/QControl.class.php" md5="d0526e3bb7ebba4b6fb280a91666bf5d"/>
<file directoryToken="__QCODO__" path="qform/QButton.class.php" md5="e19dae1036f5edbfa6d7350a15f78f2f"/>
<file directoryToken="__QCODO__" path="qform/QForm.class.php" md5="fc0a865d7c5ac7f629f68380ee66280f"/>
<file directoryToken="__QCODO__" path="qform/QListBox.class.php" md5="bea9aeb2486c328568ad6075da724768"/>
<file directoryToken="__QCODO__" path="qform/QTextBox.class.php" md5="293905fb9a0adc5ca1a5b0b95f6e0dc5"/>
<file directoryToken="__QCODO__" path="qform/_README.txt" md5="9bb635883b087477aff3fb83102c6403"/>
<file directoryToken="__QCODO__" path="qform/QImageControl.class.php" md5="246165fe7a0c11f96f07ac934d9d5224"/>
<file directoryToken="__QCODO__" path="qform/QFileAsset.class.php" md5="684a001992ee027f048e8c72db91f245"/>
<file directoryToken="__QCODO__" path="qform/QImageLabel.class.php" md5="8469e22f0dc93188cc0704cfa0088f4a"/>
<file directoryToken="__QCODO__" path="i18n/_README.txt" md5="c820daee76ac61cbfe5cc591b2984b9e"/>
<file directoryToken="__QCODO__" path="i18n/es.po" md5="9beaeee1a2be89ceb8cf39480f945cbb"/>
<file directoryToken="__QCODO__" path="cache/_README.txt" md5="044e526d46defe985e73db0c522cc5ff"/>
<file directoryToken="__QCODO_CORE__" path="qcodo_orm_only.inc.php" md5="9de2c8666b2ddb2f7478db063bb08aff"/>
<file directoryToken="__QCODO_CORE__" path="error.inc.php" md5="6a096300886c03d28a037abf136f1df6"/>
<file directoryToken="__QCODO_CORE__" path="qcodo.inc.php" md5="9860653e4ed4aee6da6c47a4b13cf690"/>
<file directoryToken="__QCODO_CORE__" path="qform/QPanel.class.php" md5="5d41c86a6c0ac2d36088d341ed867a20"/>
<file directoryToken="__QCODO_CORE__" path="qform/QFontFamily.class.php" md5="783bf39b63187df9ca354b02275a2ffe"/>
<file directoryToken="__QCODO_CORE__" path="qform/QImageRollover.class.php" md5="b2f8a59898182b398a322a2b60e529c7"/>
<file directoryToken="__QCODO_CORE__" path="qform/QDateTimeTextBox.class.php" md5="7a01a260a6e644fb9b33792e3567cb94"/>
<file directoryToken="__QCODO_CORE__" path="qform/QTextBoxBase.class.php" md5="136aac65bf9747d2cf56a87c438628ee"/>
<file directoryToken="__QCODO_CORE__" path="qform/QDataRepeater.class.php" md5="7456dcb7e560baf6d0766064f3c42f97"/>
<file directoryToken="__QCODO_CORE__" path="qform/QDropZoneGrouping.class.php" md5="39f50b26dfba0b29c602936c1fd936e6"/>
<file directoryToken="__QCODO_CORE__" path="qform/QDateTimePicker.class.php" md5="85c2682dd175d3631b129c03263ef970"/>
<file directoryToken="__QCODO_CORE__" path="qform/QFileAssetBase.class.php" md5="987f870059f97c2d78b4a54d05311b30"/>
<file directoryToken="__QCODO_CORE__" path="qform/QPaginatorBase.class.php" md5="4a29f57cd10402b393470d6eb513e96d"/>
<file directoryToken="__QCODO_CORE__" path="qform/QListItemStyle.class.php" md5="c9ac9db6d2a431cf075e2b12d124c724"/>
<file directoryToken="__QCODO_CORE__" path="qform/QListItem.class.php" md5="466fd50990bdb3f8b27109fcd1b29f7b"/>
<file directoryToken="__QCODO_CORE__" path="qform/QImageBase.class.php" md5="87c12b65d82cbea88a6b4a63b68f52e0"/>
<file directoryToken="__QCODO_CORE__" path="qform/QControlGrouping.class.php" md5="f57088bc0f73a73ac917ae36d4ced3fc"/>
<file directoryToken="__QCODO_CORE__" path="qform/QFloatTextBox.class.php" md5="6a8ce6a4c1012dae27b0b33ef72f1127"/>
<file directoryToken="__QCODO_CORE__" path="qform/QFileControl.class.php" md5="139db896cf3ac9389aeffad0c2541820"/>
<file directoryToken="__QCODO_CORE__" path="qform/_events.inc.php" md5="b99668d5b549b3592cdb7058433e69fd"/>
<file directoryToken="__QCODO_CORE__" path="qform/_enumerations.inc.php" md5="9713280406e52b0d0c29b45f8cfb2c1a"/>
<file directoryToken="__QCODO_CORE__" path="qform/QCalendar.class.php" md5="9ddad9fdbb059aca53756bd72a717df3"/>
<file directoryToken="__QCODO_CORE__" path="qform/_actions.inc.php" md5="92d377f27c71c9d81ba6f0fab1af93b6"/>
<file directoryToken="__QCODO_CORE__" path="qform/QButtonBase.class.php" md5="7d4392bea65f0d68b598ecdca1497ed0"/>
<file directoryToken="__QCODO_CORE__" path="qform/QCalendarPopup.class.php" md5="7336204804d11c29d24e129a0ff85f1a"/>
<file directoryToken="__QCODO_CORE__" path="qform/QPaginatedControl.class.php" md5="4643393348476f9c9643be95a87c6e17"/>
<file directoryToken="__QCODO_CORE__" path="qform/QImageButton.class.php" md5="e1bc1a85596721f185b67ca73109d302"/>
<file directoryToken="__QCODO_CORE__" path="qform/QListControl.class.php" md5="c5e6ee8f42511dc45d57c1829bf379e7"/>
<file directoryToken="__QCODO_CORE__" path="qform/QTreeNavItem.class.php" md5="bfbf56efc34f7355ca3799169e142d6b"/>
<file directoryToken="__QCODO_CORE__" path="qform/QWriteBox.class.php" md5="d30deecd9d0087f54b81feee4f440293"/>
<file directoryToken="__QCODO_CORE__" path="qform/QControlLabel.class.php" md5="d044d53bb584dae4fd2bb5e21c61b6fe"/>
<file directoryToken="__QCODO_CORE__" path="qform/QBlockControl.class.php" md5="bf705605aa14402fdb40391465c95070"/>
<file directoryToken="__QCODO_CORE__" path="qform/QTreeNav.class.php" md5="c9fc4b70d105e72bf7928461bcf987ce"/>
<file directoryToken="__QCODO_CORE__" path="qform/QControlProxy.class.php" md5="a23ee71e6af9467fa50cfe02674a6ab2"/>
<file directoryToken="__QCODO_CORE__" path="qform/QDataGridColumn.class.php" md5="1007e545898233feb704f78423e6078b"/>
<file directoryToken="__QCODO_CORE__" path="qform/QFileAssetDialog.class.php" md5="75d01bdac2d8009b3f7d94d14671ef57"/>
<file directoryToken="__QCODO_CORE__" path="qform/QListBoxBase.class.php" md5="81e7a97f866a1de49e285c39385e9f5f"/>
<file directoryToken="__QCODO_CORE__" path="qform/QFormBase.class.php" md5="39962947d6548333072462e30a302aaf"/>
<file directoryToken="__QCODO_CORE__" path="qform/QActionControl.class.php" md5="f167a5b841599c62afd2d99caac22a09"/>
<file directoryToken="__QCODO_CORE__" path="qform/QImageControlBase.class.php" md5="45fafce97b698fe2a66e203c035d145b"/>
<file directoryToken="__QCODO_CORE__" path="qform/QLabel.class.php" md5="65fd1f5bd56e789cc67d3a14920baa69"/>
<file directoryToken="__QCODO_CORE__" path="qform/QDataGridRowStyle.class.php" md5="401e29b22a58dbce52c2062f5f52efe6"/>
<file directoryToken="__QCODO_CORE__" path="qform/QRadioButtonList.class.php" md5="79e8cbf5ea18ec0b055b5fd78edf5fcc"/>
<file directoryToken="__QCODO_CORE__" path="qform/QRadioButton.class.php" md5="2cd5ce497d7c4d3b4437d67c2d409486"/>
<file directoryToken="__QCODO_CORE__" path="qform/QIntegerTextBox.class.php" md5="21726841057fa1ef257236fbce1eaecb"/>
<file directoryToken="__QCODO_CORE__" path="qform/QCheckBoxList.class.php" md5="f068c396a5042f5215331893c7e7a728"/>
<file directoryToken="__QCODO_CORE__" path="qform/QDataGridBase.class.php" md5="d3d7181b55181f57feb971b7e71aaa5b"/>
<file directoryToken="__QCODO_CORE__" path="qform/QWaitIcon.class.php" md5="0083c4b37ce4ace7d00fdfcb13b41167"/>
<file directoryToken="__QCODO_CORE__" path="qform/QControlBase.class.php" md5="4e2d311205c3640e806a9949bb603ee5"/>
<file directoryToken="__QCODO_CORE__" path="qform/QCheckBox.class.php" md5="69823870f0613b23f181fccba66aab81"/>
<file directoryToken="__QCODO_CORE__" path="qform/QLinkButton.class.php" md5="e81bf691c5ab4bb47a219e7b66b38595"/>
<file directoryToken="__QCODO_CORE__" path="qform/QDialogBox.class.php" md5="1ca3440b1bf36024496c448b94ddea0b"/>
<file directoryToken="__QCODO_CORE__" path="qform/QImageLabelBase.class.php" md5="b44ce00dcb8ab72071fe860dc6ccebd2"/>
<file directoryToken="__QCODO_CORE__" path="i18n/en_us.po" md5="b4c67b1fa8010f09f99581689ee2cf83"/>
<file directoryToken="__QCODO_CORE__" path="i18n/bg.po" md5="e8934208493c8f6cefc4fcab1c8e7f6a"/>
<file directoryToken="__QCODO_CORE__" path="i18n/ru.po" md5="8b2234af981339f8b1addeeee517363d"/>
<file directoryToken="__QCODO_CORE__" path="i18n/zh_tw.po" md5="f8225aa2d7f1ce55d495d77baa7ce5bc"/>
<file directoryToken="__QCODO_CORE__" path="i18n/it.po" md5="42cc3e993a79897e7a40d64d9cfb18d4"/>
<file directoryToken="__QCODO_CORE__" path="i18n/en.po" md5="fc668ff2068bbbf4b9f2003a9b328539"/>
<file directoryToken="__QCODO_CORE__" path="i18n/no.po" md5="024e671578d8081a816ec9982d650a19"/>
<file directoryToken="__QCODO_CORE__" path="i18n/de.po" md5="d0b830929b34b84d1a26ce870f0d929a"/>
<file directoryToken="__QCODO_CORE__" path="i18n/pt_br.po" md5="9cf76399edfaa29278cc758602a9877b"/>
<file directoryToken="__QCODO_CORE__" path="i18n/_README.txt" md5="1e5227aefc8f2a6990e9d948b1def7b7"/>
<file directoryToken="__QCODO_CORE__" path="i18n/cs.po" md5="173d4ab7b5441685926f179a0dcf2953"/>
<file directoryToken="__QCODO_CORE__" path="i18n/fr.po" md5="f84c2856b288d287d53b044d50b3eee7"/>
<file directoryToken="__QCODO_CORE__" path="i18n/sv.po" md5="5ace0f0c476cc3b6c854e01e799960d0"/>
<file directoryToken="__QCODO_CORE__" path="i18n/es.po" md5="211a92fdee38d06c3636958f1fa40938"/>
<file directoryToken="__QCODO_CORE__" path="qform_state_handlers/QFileFormStateHandler.class.php" md5="507f0b7bd62be88a27fff555dd6035fc"/>
<file directoryToken="__QCODO_CORE__" path="qform_state_handlers/QSessionFormStateHandler.class.php" md5="864bcdbc8ca1aff97fec165b9af13998"/>
<file directoryToken="__QCODO_CORE__" path="qform_state_handlers/QFormStateHandler.class.php" md5="3c6bf73eb35302bb2845828e651f6e3c"/>
<file directoryToken="__QCODO_CORE__" path="database/QMySqli5Database.class.php" md5="e084bfbae9eacf8e096dea8e6e573bb4"/>
<file directoryToken="__QCODO_CORE__" path="database/QMySqliDatabase.class.php" md5="ddf7c74f643f3b64b30c92d8043eb4b1"/>
<file directoryToken="__QCODO_CORE__" path="database/QSqlServerDatabase.class.php" md5="6500755e79afe6e0feb0673a921cf57e"/>
<file directoryToken="__QCODO_CORE__" path="database/QPostgreSqlDatabase.class.php" md5="a6848f58dc3ef920598c03d24b1605fb"/>
<file directoryToken="__QCODO_CORE__" path="database/QMySqlDatabase.class.php" md5="b055f52283d32d772c212fd14cf5d35d"/>
<file directoryToken="__QCODO_CORE__" path="codegen/QManyToManyReference.class.php" md5="ae21a58080c504dfaa74f523c2e7d9d0"/>
<file directoryToken="__QCODO_CORE__" path="codegen/QReverseReference.class.php" md5="2ef902f6413470ad6a63c1776ea3ada7"/>
<file directoryToken="__QCODO_CORE__" path="codegen/QCodeGenBase.class.php" md5="df80a3a9cda46df2d5d183c2b98b8ebc"/>
<file directoryToken="__QCODO_CORE__" path="codegen/QIndex.class.php" md5="d26788d98593be31a7a2f1ad93ec2f64"/>
<file directoryToken="__QCODO_CORE__" path="codegen/QTypeTable.class.php" md5="901250e8e1ec6fd38acf1c3becc4f99f"/>
<file directoryToken="__QCODO_CORE__" path="codegen/library.inc.php" md5="59be4de9995e2a200893643196dab095"/>
<file directoryToken="__QCODO_CORE__" path="codegen/QReference.class.php" md5="50ad4a0a84f2284bb9dd92558ef4df53"/>
<file directoryToken="__QCODO_CORE__" path="codegen/QDatabaseCodeGen.class.php" md5="3cd7904d5ad4ddc364f5ff95b5f3cc98"/>
<file directoryToken="__QCODO_CORE__" path="codegen/QConvertNotationBase.class.php" md5="f98c83db6e54e1588272edb8da71734c"/>
<file directoryToken="__QCODO_CORE__" path="codegen/QColumn.class.php" md5="1a058ed088e0b9705cedbceb7b2b2430"/>
<file directoryToken="__QCODO_CORE__" path="codegen/QRestServiceCodeGen.class.php" md5="883bbd62eb43123c4984d4511ca1d121"/>
<file directoryToken="__QCODO_CORE__" path="codegen/QTable.class.php" md5="9b3c646fb42f39b3ffb897388c7dab90"/>
<file directoryToken="__QCODO_CORE__" path="codegen/templates/aggregate_db_orm/class_paths/_main.tpl" md5="4dd820c3c0f1ff7b4686157c316a4407"/>
<file directoryToken="__QCODO_CORE__" path="codegen/templates/aggregate_db_orm/qqn/_main.tpl" md5="69c0e9263eab6aca7596ca6eb6b8074a"/>
<file directoryToken="__QCODO_CORE__" path="codegen/templates/db_orm/class_subclass/example_load_methods.tpl" md5="b8a7bb32c03ce222f3c779ca099ca5c5"/>
<file directoryToken="__QCODO_CORE__" path="codegen/templates/db_orm/class_subclass/_main.tpl" md5="5a70c72e3b48af46f08309cfe8fb5433"/>
<file directoryToken="__QCODO_CORE__" path="codegen/templates/db_orm/class_subclass/example_properties.tpl" md5="35cc8dfb76428e398acabc46e313b315"/>
<file directoryToken="__QCODO_CORE__" path="codegen/templates/db_orm/meta_control/control_create_boolean.tpl" md5="88436660e31f210d92348fab72af8ab0"/>
<file directoryToken="__QCODO_CORE__" path="codegen/templates/db_orm/meta_control/control_refresh_integer.tpl" md5="8f489d51282e3fd8a5b523aed1c8dc2e"/>
<file directoryToken="__QCODO_CORE__" path="codegen/templates/db_orm/meta_control/control_refresh_type.tpl" md5="409c9a2f4fef203557c8fe8559191288"/>
<file directoryToken="__QCODO_CORE__" path="codegen/templates/db_orm/meta_control/create_methods.tpl" md5="3b016e3c188b64289103dd596c7f0572"/>
<file directoryToken="__QCODO_CORE__" path="codegen/templates/db_orm/meta_control/constructor.tpl" md5="5921eb0ed0e1246438d60dffd61eadbd"/>
<file directoryToken="__QCODO_CORE__" path="codegen/templates/db_orm/meta_control/control_update_unique_reversereference.tpl" md5="1ec8ae47ecc093b277833e9efd708af4"/>
<file directoryToken="__QCODO_CORE__" path="codegen/templates/db_orm/meta_control/update_methods.tpl" md5="7fc0ea62140bcfc5691501e202b97015"/>
<file directoryToken="__QCODO_CORE__" path="codegen/templates/db_orm/meta_control/control_update_checkbox.tpl" md5="8bae03417d510857b19fe21eae560658"/>
<file directoryToken="__QCODO_CORE__" path="codegen/templates/db_orm/meta_control/control_create_reference.tpl" md5="a1f7d156108b5a4b542b5b779373d16c"/>
<file directoryToken="__QCODO_CORE__" path="codegen/templates/db_orm/meta_control/control_refresh_QDateTime.tpl" md5="02c39df89781e41644006cfc7abb98eb"/>
<file directoryToken="__QCODO_CORE__" path="codegen/templates/db_orm/meta_control/control_update_manytomany_reference.tpl" md5="bcabb3460e0a305152facc366a0915ef"/>
<file directoryToken="__QCODO_CORE__" path="codegen/templates/db_orm/meta_control/control_refresh_string.tpl" md5="8f489d51282e3fd8a5b523aed1c8dc2e"/>
<file directoryToken="__QCODO_CORE__" path="codegen/templates/db_orm/meta_control/_main.tpl" md5="49782c6d55f9c6b3df0ba8acaf0b56b6"/>
<file directoryToken="__QCODO_CORE__" path="codegen/templates/db_orm/meta_control/control_create_identity.tpl" md5="dcc10c980b479e7ea7043de5e397e1d0"/>
<file directoryToken="__QCODO_CORE__" path="codegen/templates/db_orm/meta_control/property_get.tpl" md5="079c22b3e37f7223ff82ea5edc98d093"/>
<file directoryToken="__QCODO_CORE__" path="codegen/templates/db_orm/meta_control/property_get_case.tpl" md5="42278e6ffb8ab932b7107297364511e9"/>
<file directoryToken="__QCODO_CORE__" path="codegen/templates/db_orm/meta_control/control_refresh_reference.tpl" md5="4cbdabdce90682c11afbbbe5fd5390f3"/>
<file directoryToken="__QCODO_CORE__" path="codegen/templates/db_orm/meta_control/control_create_type.tpl" md5="2e490ec2a878d0610062641247d057bd"/>
<file directoryToken="__QCODO_CORE__" path="codegen/templates/db_orm/meta_control/control_refresh_identity.tpl" md5="913328f82d2c8f67910064bd460b6b4f"/>
<file directoryToken="__QCODO_CORE__" path="codegen/templates/db_orm/meta_control/control_create_manytomany_reference.tpl" md5="597f54ad725da3635a872e652db06530"/>
<file directoryToken="__QCODO_CORE__" path="codegen/templates/db_orm/meta_control/control_update_type.tpl" md5="f9bfe1dcd03257997511982971373fde"/>
<file directoryToken="__QCODO_CORE__" path="codegen/templates/db_orm/meta_control/control_refresh_double.tpl" md5="8f489d51282e3fd8a5b523aed1c8dc2e"/>
<file directoryToken="__QCODO_CORE__" path="codegen/templates/db_orm/meta_control/control_create_integer.tpl" md5="957d6b22c65675f30122145ef579de87"/>
<file directoryToken="__QCODO_CORE__" path="codegen/templates/db_orm/meta_control/property_set.tpl" md5="f106f35ad9b1659eb11c5255eb2b8ae1"/>
<file directoryToken="__QCODO_CORE__" path="codegen/templates/db_orm/meta_control/control_create_unique_reversereference.tpl" md5="5da58bb142d2709d97a35f378371b2b5"/>
<file directoryToken="__QCODO_CORE__" path="codegen/templates/db_orm/meta_control/control_refresh_boolean.tpl" md5="ebc1c7be2defe40967a3bc3f055076a7"/>
<file directoryToken="__QCODO_CORE__" path="codegen/templates/db_orm/meta_control/control_update_reference.tpl" md5="f9bfe1dcd03257997511982971373fde"/>
<file directoryToken="__QCODO_CORE__" path="codegen/templates/db_orm/meta_control/control_create_QDateTime.tpl" md5="55f34f0008bc35efdd2e4231b8f50b16"/>
<file directoryToken="__QCODO_CORE__" path="codegen/templates/db_orm/meta_control/control_refresh_unique_reversereference.tpl" md5="a4b9719380582648db39b9f6fba2d439"/>
<file directoryToken="__QCODO_CORE__" path="codegen/templates/db_orm/meta_control/variable_declarations.tpl" md5="636fb26bf2dbb929b72cbde7c8474d02"/>
<file directoryToken="__QCODO_CORE__" path="codegen/templates/db_orm/meta_control/control_update_textbox.tpl" md5="dfa3e6b66378435a75494c224d52a0fd"/>
<file directoryToken="__QCODO_CORE__" path="codegen/templates/db_orm/meta_control/control_create_string.tpl" md5="144cbc2100d08e55d164c9282cd6b36f"/>
<file directoryToken="__QCODO_CORE__" path="codegen/templates/db_orm/meta_control/control_update_calendar.tpl" md5="608522392f5a5f43b585101e09594cb2"/>
<file directoryToken="__QCODO_CORE__" path="codegen/templates/db_orm/meta_control/control_create_double.tpl" md5="c0caf8e97b9c78518718cdaebbc3528b"/>
<file directoryToken="__QCODO_CORE__" path="codegen/templates/db_orm/meta_control/_subclass.tpl" md5="571454f8d8b446beb83b277c61d9fb4b"/>
<file directoryToken="__QCODO_CORE__" path="codegen/templates/db_orm/meta_control/property_comments.tpl" md5="af496f6813c718ac01bf94c93eff4e18"/>
<file directoryToken="__QCODO_CORE__" path="codegen/templates/db_orm/meta_control/delete_object.tpl" md5="6a94f851c001aa6f0d39f6c3c05effd6"/>
<file directoryToken="__QCODO_CORE__" path="codegen/templates/db_orm/meta_control/save_object.tpl" md5="32107d43b71a385bfcaf6175555facee"/>
<file directoryToken="__QCODO_CORE__" path="codegen/templates/db_orm/meta_control/refresh_methods.tpl" md5="493d951f6ef8a06c42f90be44a03d76d"/>
<file directoryToken="__QCODO_CORE__" path="codegen/templates/db_orm/meta_control/control_refresh_manytomany_reference.tpl" md5="a4240e5a858fa7155528677020cd440f"/>
<file directoryToken="__QCODO_CORE__" path="codegen/templates/db_orm/meta_control/property_set_case.tpl" md5="b3fefc9cba62695bda6cd41ee6f08714"/>
<file directoryToken="__QCODO_CORE__" path="codegen/templates/db_orm/class_gen/manual_query_methods.tpl" md5="8a99c8f5cf406f374188386ae3801041"/>
<file directoryToken="__QCODO_CORE__" path="codegen/templates/db_orm/class_gen/object_save.tpl" md5="a1e69c07279dfaca82312684e95862c6"/>
<file directoryToken="__QCODO_CORE__" path="codegen/templates/db_orm/class_gen/object_reload.tpl" md5="8d6cd758ab809a5d55a3045e797e0d48"/>
<file directoryToken="__QCODO_CORE__" path="codegen/templates/db_orm/class_gen/soap_methods.tpl" md5="b6ded07d6613bde9089ddac5b3de1608"/>
<file directoryToken="__QCODO_CORE__" path="codegen/templates/db_orm/class_gen/_main.tpl" md5="091cbf5dfd0448b02aa9d1cea667cc10"/>
<file directoryToken="__QCODO_CORE__" path="codegen/templates/db_orm/class_gen/property_get.tpl" md5="2ad10ba0e7094fd79eeb608c960b6d9f"/>
<file directoryToken="__QCODO_CORE__" path="codegen/templates/db_orm/class_gen/protected_member_objects.tpl" md5="e952a2abd20d44c415c741308725256b"/>
<file directoryToken="__QCODO_CORE__" path="codegen/templates/db_orm/class_gen/index_load_single.tpl" md5="9b57e7c12baf858b4dc3f6e7443a73f2"/>
<file directoryToken="__QCODO_CORE__" path="codegen/templates/db_orm/class_gen/class_load_and_count_methods.tpl" md5="13cb602a3ad5cb3ae423bd1bcec8c905"/>
<file directoryToken="__QCODO_CORE__" path="codegen/templates/db_orm/class_gen/associated_object_manytomany.tpl" md5="3fb9f4617b51b34d1e6b29907f998d9d"/>
<file directoryToken="__QCODO_CORE__" path="codegen/templates/db_orm/class_gen/qcodo_query_methods.tpl" md5="103f1d077752d95422f635ebf739bc0f"/>
<file directoryToken="__QCODO_CORE__" path="codegen/templates/db_orm/class_gen/qcodo_query_classes.tpl" md5="434faef7ab41ea8563e87269dd5ea2aa"/>
<file directoryToken="__QCODO_CORE__" path="codegen/templates/db_orm/class_gen/index_load_array.tpl" md5="954d405df4f936e2a1a604420cc6fa5d"/>
<file directoryToken="__QCODO_CORE__" path="codegen/templates/db_orm/class_gen/property_set.tpl" md5="c58a4d5bfdd928faa8b825f10394918e"/>
<file directoryToken="__QCODO_CORE__" path="codegen/templates/db_orm/class_gen/associated_object.tpl" md5="819e29680e0e4b1f422a29cf0c8a0c03"/>
<file directoryToken="__QCODO_CORE__" path="codegen/templates/db_orm/class_gen/index_load_array_manytomany.tpl" md5="67145642de750ad2e462e35ee2fabbbb"/>
<file directoryToken="__QCODO_CORE__" path="codegen/templates/db_orm/class_gen/associated_objects_methods.tpl" md5="fa011e7d5fec96b9c499cb9cf86659f4"/>
<file directoryToken="__QCODO_CORE__" path="codegen/templates/db_orm/class_gen/property_comments.tpl" md5="aba1d96b770bef1686ee9fef33989ab6"/>
<file directoryToken="__QCODO_CORE__" path="codegen/templates/db_orm/class_gen/index_load_methods.tpl" md5="3230885abfe5c6eb95e2f9206d91ec0e"/>
<file directoryToken="__QCODO_CORE__" path="codegen/templates/db_orm/class_gen/protected_member_variables.tpl" md5="147756939b8606dbdfa9f39cee233c89"/>
<file directoryToken="__QCODO_CORE__" path="codegen/templates/db_orm/class_gen/instantiation_methods.tpl" md5="0b33a7ac987a242152eba5fff6bf1de5"/>
<file directoryToken="__QCODO_CORE__" path="codegen/templates/db_orm/class_gen/object_delete.tpl" md5="93fc6c77231406906a610b265b102b87"/>
<file directoryToken="__QCODO_CORE__" path="codegen/templates/db_orm/meta_datagrid/resolve_content_item_case.tpl" md5="d6f7b4f819fe7ac7e2c88a7270a148b8"/>
<file directoryToken="__QCODO_CORE__" path="codegen/templates/db_orm/meta_datagrid/constructor.tpl" md5="1e310b624ab30119b1ea11af613d518e"/>
<file directoryToken="__QCODO_CORE__" path="codegen/templates/db_orm/meta_datagrid/meta_add_type_column.tpl" md5="b5900c59c711c8e4f1add909aea1a954"/>
<file directoryToken="__QCODO_CORE__" path="codegen/templates/db_orm/meta_datagrid/resolve_content_item.tpl" md5="9ea3ba01a8decc86966ee72868259276"/>
<file directoryToken="__QCODO_CORE__" path="codegen/templates/db_orm/meta_datagrid/_main.tpl" md5="dbf9cc51e5ef0701b8783245510c7306"/>
<file directoryToken="__QCODO_CORE__" path="codegen/templates/db_orm/meta_datagrid/meta_add_edit_column.tpl" md5="45c156f9801fd330297c3f2dbcc11cd5"/>
<file directoryToken="__QCODO_CORE__" path="codegen/templates/db_orm/meta_datagrid/meta_add_column.tpl" md5="4f715003d20a924e2edd5662fca5854e"/>
<file directoryToken="__QCODO_CORE__" path="codegen/templates/db_orm/meta_datagrid/meta_data_binder.tpl" md5="ceae621d58a913f80f0ad271263fbee8"/>
<file directoryToken="__QCODO_CORE__" path="codegen/templates/db_orm/meta_datagrid/_subclass.tpl" md5="37e3090f75a38f4bdf9c37bdf6fe6e57"/>
<file directoryToken="__QCODO_CORE__" path="codegen/templates/db_orm/drafts/_qform_edit_include.tpl" md5="1c39d5375d1d0532afd5b88902b5aa06"/>
<file directoryToken="__QCODO_CORE__" path="codegen/templates/db_orm/drafts/_qpanel_list_template.tpl" md5="918ad88812f841475c854b08afec60c0"/>
<file directoryToken="__QCODO_CORE__" path="codegen/templates/db_orm/drafts/_qpanel_edit.tpl" md5="7074182ec6f4fe96291bcad1dafd8e52"/>
<file directoryToken="__QCODO_CORE__" path="codegen/templates/db_orm/drafts/_qform_list_include.tpl" md5="bac75fda990ccbd05c4829fe15e7014d"/>
<file directoryToken="__QCODO_CORE__" path="codegen/templates/db_orm/drafts/_qpanel_list.tpl" md5="37708cdec9f6df743ff6f018d3e278e7"/>
<file directoryToken="__QCODO_CORE__" path="codegen/templates/db_orm/drafts/_qform_list.tpl" md5="0164f632dc59e69b4e4835a45102336d"/>
<file directoryToken="__QCODO_CORE__" path="codegen/templates/db_orm/drafts/_qpanel_edit_template.tpl" md5="2f83df0fac9ba5d829cd69186b5c9e35"/>
<file directoryToken="__QCODO_CORE__" path="codegen/templates/db_orm/drafts/_qform_edit.tpl" md5="231f0b6bff4130e4dcadcec807f884a2"/>
<file directoryToken="__QCODO_CORE__" path="codegen/templates/aggregate_db_type/class_paths/_main.tpl" md5="d9eec48488d4b46089df2f785098d336"/>
<file directoryToken="__QCODO_CORE__" path="codegen/templates/db_type/class_subclass/_main.tpl" md5="40e2387da0229507d5ad8d643ece2083"/>
<file directoryToken="__QCODO_CORE__" path="codegen/templates/db_type/class_gen/_main.tpl" md5="d54b625eda95726d8581f7f27335f9e4"/>
<file directoryToken="__QCODO_CORE__" path="framework/QQueryExpansion.class.php" md5="f06bc1a4891fa8aeb12bba9216b8d7cc"/>
<file directoryToken="__QCODO_CORE__" path="framework/QCryptography.class.php" md5="11729fe907293aa5e866e2ab200ffee9"/>
<file directoryToken="__QCODO_CORE__" path="framework/QApplicationBase.class.php" md5="1569285f037869ba3b05f6d4efbb84a6"/>
<file directoryToken="__QCODO_CORE__" path="framework/QDateTimeSpan.class.php" md5="471eac950708dcadd8fe1d13853bf6cc"/>
<file directoryToken="__QCODO_CORE__" path="framework/QI18n.class.php" md5="580021a998c38dc86687ca1a3b56e828"/>
<file directoryToken="__QCODO_CORE__" path="framework/QRssFeed.class.php" md5="738590ea0b2e6db24ad5fff459ef8e5a"/>
<file directoryToken="__QCODO_CORE__" path="framework/QString.class.php" md5="f6d51aed8528b45f39d532924cb96d6d"/>
<file directoryToken="__QCODO_CORE__" path="framework/QDatabaseBase.class.php" md5="64518a71526483e6bdc8ab3b613f496d"/>
<file directoryToken="__QCODO_CORE__" path="framework/QLexer.class.php" md5="64eff3de3bb2156704feb637584e2ec4"/>
<file directoryToken="__QCODO_CORE__" path="framework/QRegex.class.php" md5="f9f81e04bd32b09eab661a620cae5207"/>
<file directoryToken="__QCODO_CORE__" path="framework/QCache.class.php" md5="4b5d529a6ddd01db93525f27d8f9c095"/>
<file directoryToken="__QCODO_CORE__" path="framework/QUpdateUtility.class.php" md5="5600a21c3bcc6e3990cc58561ac236d9"/>
<file directoryToken="__QCODO_CORE__" path="framework/QSoapService.class.php" md5="6ac2aa89c4dbe2f8eafe60bc4347748a"/>
<file directoryToken="__QCODO_CORE__" path="framework/QExceptions.class.php" md5="5cff97727560f87436229657b83eeef6"/>
<file directoryToken="__QCODO_CORE__" path="framework/QDateTime.legacy.class.php" md5="a477a6119e4b9f84c8657b116493e402"/>
<file directoryToken="__QCODO_CORE__" path="framework/QQuery.class.php" md5="57770d54d647a95dad3394ca069198f9"/>
<file directoryToken="__QCODO_CORE__" path="framework/QType.class.php" md5="bf027338e0adf55a71e27147d510004b"/>
<file directoryToken="__QCODO_CORE__" path="framework/QDateTime.class.php" md5="c13d27bbcd519b9572a56627b59f0744"/>
<file directoryToken="__QCODO_CORE__" path="framework/QBaseClass.class.php" md5="fe6693e080ff9c5c1dcc3bfcb653cff1"/>
<file directoryToken="__QCODO_CORE__" path="framework/QStack.class.php" md5="8462c6598074a0e29cdbc2d4a316e84a"/>
<file directoryToken="__QCODO_CORE__" path="framework/QEmailServer.class.php" md5="726d18fe65b581bb1690da91965797e2"/>
<file directoryToken="__QCODO_CORE__" path="framework/QMimeType.class.php" md5="9af33aaa12dbb4d83268503d47814382"/>
<file directoryToken="__QCODO__" path="fonts/GothicBold.pfb" md5="277e1eef2b52c29bfaeba698dbab559f"/>
<file directoryToken="__QCODO__" path="fonts/_URW_LICENSE.txt" md5="94d55d512a9ba36caa9b7df079bae19f"/>
<file directoryToken="__QCODO__" path="fonts/Gothic.afm" md5="8eb2c2eced6b211b99f1e400226ce35f"/>
<file directoryToken="__QCODO__" path="fonts/GothicBoldItalic.afm" md5="4d376f53dfd0e8607052fcc06397ef3a"/>
<file directoryToken="__QCODO__" path="fonts/PalladioBold.afm" md5="78a8202e7b49db8ad5ec9833c346fb68"/>
<file directoryToken="__QCODO__" path="fonts/Chancery.afm" md5="43b91152b9196ad5861763e79c01130c"/>
<file directoryToken="__QCODO__" path="fonts/PalladioItalic.afm" md5="8eb285108ae791160e7a2e106e1bd140"/>
<file directoryToken="__QCODO__" path="fonts/_URW_CREDITS.txt" md5="38b8da4b0fd2d8b15f2e7c760d464c55"/>
<file directoryToken="__QCODO__" path="fonts/PalladioItalic.pfb" md5="732fb3f589dd1b723108e54e59d74a9a"/>
<file directoryToken="__QCODO__" path="fonts/Palladio.afm" md5="65f3180d96edcfbfa544570a09b2d0da"/>
<file directoryToken="__QCODO__" path="fonts/Gothic.pfb" md5="412f1bf5f9673677dd640ce02385d568"/>
<file directoryToken="__QCODO__" path="fonts/PalladioBoldItalic.afm" md5="85c20901f99ded5ac2e9e46319b1e721"/>
<file directoryToken="__QCODO__" path="fonts/Palladio.pfb" md5="4524d567e2436853435a10050565605f"/>
<file directoryToken="__QCODO__" path="fonts/GothicItalic.afm" md5="97522e590de98ce34f824a6cbb330b93"/>
<file directoryToken="__QCODO__" path="fonts/PalladioBold.pfb" md5="5f3b3e5344c6e16da29c213ff6928bc0"/>
<file directoryToken="__QCODO__" path="fonts/_README.txt" md5="40f76f4ccfa86d2f35f0298d55d3d85c"/>
<file directoryToken="__QCODO__" path="fonts/PalladioBoldItalic.pfb" md5="786feecdc0b67b14d605aab953b9e3bb"/>
<file directoryToken="__QCODO__" path="fonts/GothicItalic.pfb" md5="cb3ed72607bb9dfd3a73f6b1d96f70f6"/>
<file directoryToken="__QCODO__" path="fonts/GothicBold.afm" md5="b14d6b5c74712dc92a76adf7b8342a80"/>
<file directoryToken="__QCODO__" path="fonts/GothicBoldItalic.pfb" md5="4b54e5bf8ed8493aa774e3f44150511b"/>
<file directoryToken="__QCODO__" path="fonts/Chancery.pfb" md5="ae6ae6af835048d3e72117609601db67"/>
<file directoryToken="__QCODO__" path="codegen/QCodeGen.class.php" md5="2e106369b32d220cba4e411064b36760"/>
<file directoryToken="__QCODO__" path="codegen/_README.txt" md5="99aa4d8db0f4f60bde9a8f9cfe6f7db9"/>
<file directoryToken="__QCODO__" path="codegen/QConvertNotation.class.php" md5="ff12ebb9c690c60daa3f21c719d2e07f"/>
<file directoryToken="__QCODO__" path="codegen/templates/_README.txt" md5="2f918a95df8f8eaccdaf1db91a2f4ac7"/>
<file directoryToken="__DEVTOOLS__" path="codegen_settings.xml" md5="f0ecf7c0f9f6dde2e427e1ddabc13777"/>
<file directoryToken="__DEVTOOLS__" path="codegen.php" md5="95ac277ac483f329453812a77b1a9a97"/>
<file directoryToken="__DEVTOOLS__" path="_README.txt" md5="b40d3b59249db5cc5faa4b5b87b6ac93"/>
<file directoryToken="__IMAGE_ASSETS__" path="spacer.png" md5="e99646a8c389503cb4cc08e02ef77218"/>
<file directoryToken="__IMAGE_ASSETS__" path="sort_arrow_reverse.png" md5="2129d786e0d1eec4e3a34586211ef792"/>
<file directoryToken="__IMAGE_ASSETS__" path="treenav_child.png" md5="954bce43ce2f4ff34a6c2e16b00dc4d8"/>
<file directoryToken="__IMAGE_ASSETS__" path="file_asset_blank.png" md5="4a1d091e68a9d2effbabbede999849af"/>
<file directoryToken="__IMAGE_ASSETS__" path="spinner_20.gif" md5="8d7f9ab0df719e4760492e3bb1fb58ce"/>
<file directoryToken="__IMAGE_ASSETS__" path="spinner_14.gif" md5="aa6c24d78d1883d3d7ebfb01ee5d6691"/>
<file directoryToken="__IMAGE_ASSETS__" path="treenav_expanded.png" md5="eee04e04efd627de70a50971ae9ab1c8"/>
<file directoryToken="__IMAGE_ASSETS__" path="add.png" md5="3c84e92ee2bc69e80b817338cedc270d"/>
<file directoryToken="__IMAGE_ASSETS__" path="delete.png" md5="f1a1da666103009860645eddd6f551de"/>
<file directoryToken="__IMAGE_ASSETS__" path="_README.txt" md5="f92c375a442551620ba09e3c4402595c"/>
<file directoryToken="__IMAGE_ASSETS__" path="calendar.png" md5="b405314163bc3d7b0c227dd9b50ba84b"/>
<file directoryToken="__IMAGE_ASSETS__" path="file_asset_pdf.png" md5="330554ffea760322de4f6630590eb4d3"/>
<file directoryToken="__IMAGE_ASSETS__" path="treenav_not_expanded.png" md5="b124301008352db62a5a1e9efc272bf9"/>
<file directoryToken="__IMAGE_ASSETS__" path="sort_arrow.png" md5="4e373bcab065a4c2906e00b836f09a98"/>
<file directoryToken="__IMAGE_ASSETS__" path="file_asset_default.png" md5="44b62d4b8d73563d458cf369a960664a"/>
<file directoryToken="__IMAGE_ASSETS__" path="_core/move_drop.cur" md5="aed0aed62742536fb49330b618ee48a0"/>
<file directoryToken="__IMAGE_ASSETS__" path="_core/move_nodrop.cur" md5="8bcb6c3ad4bc137fd86160e597f04efb"/>
<file directoryToken="__JS_ASSETS__" path="_README.txt" md5="f92c375a442551620ba09e3c4402595c"/>
<file directoryToken="__JS_ASSETS__" path="_core/control_dialog.js" md5="529278ab19f76272cf5738c0c0bc6a30"/>
<file directoryToken="__JS_ASSETS__" path="_core/_qc_packed.js" md5="167a6ded5f25d1cd463611f61a3c87aa"/>
<file directoryToken="__JS_ASSETS__" path="_core/date_time_picker.js" md5="9b7fb368d9bae232643ad1bd9e6d14b0"/>
<file directoryToken="__JS_ASSETS__" path="_core/control_handle.js" md5="2e1b1c1dfc4d0adab4f7d7a69893602b"/>
<file directoryToken="__JS_ASSETS__" path="_core/control_rollover.js" md5="fe8f703d4e9e58ee347ace7d6973337a"/>
<file directoryToken="__JS_ASSETS__" path="_core/control.js" md5="0541af4e5d61cb041f59c6a271dee7d9"/>
<file directoryToken="__JS_ASSETS__" path="_core/control_resize.js" md5="0d23f2d9dbd398d14fa0e4385ddb6c53"/>
<file directoryToken="__JS_ASSETS__" path="_core/_form.js" md5="f39f04be2757377e723b1febbff9175a"/>
<file directoryToken="__JS_ASSETS__" path="_core/calendar_popup.js" md5="3b10715a44eeea005ae2292571086571"/>
<file directoryToken="__JS_ASSETS__" path="_core/calendar.js" md5="4345a8229f5cb727943db72204c12763"/>
<file directoryToken="__JS_ASSETS__" path="_core/qcodo.js" md5="81ccf64d053276277f22afbe945fa300"/>
<file directoryToken="__JS_ASSETS__" path="_core/event.js" md5="d9bb47094f7a9deefc545f01c76814cb"/>
<file directoryToken="__JS_ASSETS__" path="_core/treenav.js" md5="24541bc513d12a9782de6c01ebcb3a84"/>
<file directoryToken="__JS_ASSETS__" path="_core/logger.js" md5="e23388afca9a0848762814bd70e85fbd"/>
<file directoryToken="__JS_ASSETS__" path="_core/listbox.js" md5="da8a05674b8ac18d7e8cc5d961897fea"/>
<file directoryToken="__JS_ASSETS__" path="_core/post.js" md5="b72c55cc0fe6bdbc8c95c60a52d0e77a"/>
<file directoryToken="__JS_ASSETS__" path="_core/control_move.js" md5="9b7469c295d544ed0fa5eecdae8ed9dd"/>
<file directoryToken="__PHP_ASSETS__" path="friendly_error_page.php" md5="c11814b43427b7a60826ff8edf0ac496"/>
<file directoryToken="__PHP_ASSETS__" path="_README.txt" md5="f92c375a442551620ba09e3c4402595c"/>
<file directoryToken="__PHP_ASSETS__" path="_core/profile.php" md5="cb80e3eaba50f47bf93cb5786a030121"/>
<file directoryToken="__PHP_ASSETS__" path="_core/error_dump.php" md5="8d2e75e2e4e5212a81833e89dd22022c"/>
<file directoryToken="__PHP_ASSETS__" path="_core/image_base.php" md5="5353b6798c0b671e97e1058b390d0456"/>
<file directoryToken="__PHP_ASSETS__" path="_core/calendar.php" md5="ac5aae1a35250d4f70d960b34162e4ac"/>
<file directoryToken="__PHP_ASSETS__" path="_core/image_label.php" md5="3bd37004cd28d7f40045a6c4e3ee6e5c"/>
<file directoryToken="__PHP_ASSETS__" path="_core/image.php" md5="bcc7cb2135cb0d2a05ad11e7232bdec5"/>
<file directoryToken="__PHP_ASSETS__" path="_core/error_already_rendered_page.php" md5="d48e38dcc72a115c3e6fa0a605148383"/>
<file directoryToken="__PHP_ASSETS__" path="_core/error_page.php" md5="53d575d964b0c0a25603ed5270739f45"/>
<file directoryToken="__PHP_ASSETS__" path="_core/QFileAsset.tpl.php" md5="ff00d4fde9b2182e1a6a0410b9c932d8"/>
<file directoryToken="__PHP_ASSETS__" path="_core/QFileAssetDialog.tpl.php" md5="609d59136b2efd29a4570547854e71f2"/>
<file directoryToken="__CSS_ASSETS__" path="styles.css" md5="eae2dcf10b7e78b7903d0e650f72403b"/>
<file directoryToken="__CSS_ASSETS__" path="_README.txt" md5="f92c375a442551620ba09e3c4402595c"/>
<file directoryToken="__FORM_DRAFTS__" path="index.php" md5="f5f3b516002399d6fbb27e158967a359"/>
<file directoryToken="__PANEL_DRAFTS__" path="index.tpl.php" md5="a9819ed975033c4e4d55f213acb7eba5"/>
<file directoryToken="__PANEL_DRAFTS__" path="index.php" md5="e02ee337a92ab9c06f8f37200875d8fa"/>
<file directoryToken="__DEVTOOLS_CLI__" path="codegen.cli" md5="5263bf7b6b517faed6dc4bf221c8113f"/>
<file directoryToken="__DEVTOOLS_CLI__" path="qcodo_updater.inc.php" md5="e2881f86d8b6ec264cb9aed728d966dc"/>
<file directoryToken="__DEVTOOLS_CLI__" path="codegen.phpexe" md5="36e6ee05d74fb97d2e8e09820c6b0d06"/>
<file directoryToken="__DEVTOOLS_CLI__" path="qcodo_updater.cli" md5="8ef83f697f47cb0af33d792bd5857121"/>
<file directoryToken="__DEVTOOLS_CLI__" path="codegen.inc.php" md5="2080ab48d88d8c6544e9b34f53fe399e"/>
<file directoryToken="__DEVTOOLS_CLI__" path="qcodo_downloader.cli" md5="da5d14cfcf2341d503989722b57b4621"/>
<file directoryToken="__DEVTOOLS_CLI__" path="qcodo_downloader.phpexe" md5="8ab32c842c71297432f28d6db21047f8"/>
<file directoryToken="__DEVTOOLS_CLI__" path="path_to_prepend.txt" md5="074426e2343ed9ded4726ce076c4f133"/>
<file directoryToken="__DEVTOOLS_CLI__" path="cli_prepend.inc.php" md5="477655829f13c02c7cb596502cd6a27a"/>
<file directoryToken="__DEVTOOLS_CLI__" path="qcodo_updater.phpexe" md5="52510872b6b05c8dff3e1b34c73d149b"/>
<file directoryToken="__DEVTOOLS_CLI__" path="_README.txt" md5="50f2cdad57a457098f876660033c99b4"/>
<file directoryToken="__DEVTOOLS_CLI__" path="qcodo_downloader.inc.php" md5="8a378d641380747009d26259190c2704"/>
</files>
<directories>
<directory token="__DATAGEN_CLASSES__" coreFlag="0" relativeFlag="0"/>
<directory token="__DATA_META_CONTROLS__" coreFlag="0" relativeFlag="0"/>
<directory token="__DATA_CLASSES__" coreFlag="0" relativeFlag="0"/>
<directory token="__QCODO_CORE__" coreFlag="1" relativeFlag="0"/>
<directory token="__PANEL_DRAFTS__" coreFlag="0" relativeFlag="1"/>
<directory token="__QCODO__" coreFlag="0" relativeFlag="0"/>
<directory token="__IMAGE_ASSETS__" coreFlag="0" relativeFlag="1"/>
<directory token="__CSS_ASSETS__" coreFlag="0" relativeFlag="1"/>
<directory token="__PHP_ASSETS__" coreFlag="0" relativeFlag="1"/>
<directory token="__JS_ASSETS__" coreFlag="0" relativeFlag="1"/>
<directory token="__DEVTOOLS__" coreFlag="0" relativeFlag="1"/>
<directory token="__EXAMPLES__" coreFlag="0" relativeFlag="1"/>
<directory token="__INCLUDES__" coreFlag="0" relativeFlag="0"/>
<directory token="__FORM_DRAFTS__" coreFlag="0" relativeFlag="1"/>
<directory token="__DEVTOOLS_CLI__" coreFlag="0" relativeFlag="0"/>
<directory token="__DOCROOT__" coreFlag="0" relativeFlag="0"/>
</directories>
</manifest>